{
    "XCH": {
        "Current Price": 300.457171485933,
        "Current Balance": 0.16603023180499998
    },
    "XFX": {
        "Current Price": 0,
        "Current Balance": 3.354714237529
    },
    "CGN": {
        "Current Price": 0,
        "Current Balance": 5000.0
    },
    "SPARE": {
        "Current Price": 0,
        "Current Balance": 24.0
    },
    "AR": {
        "Current Price": 10.87127625174773,
        "Current Balance": 0.05
    }
}